,Asset,MSE,QLIKE,N
GARCH,TLT,3.6711650109967033,0.6573442401997828,3712.0
GJR-GARCH,TLT,3.744480154321736,0.65769225142811,3712.0
EWMA_0.94,TLT,3.5911825910624446,0.6639390207866591,3712.0
RollingStd63,TLT,4.02353337818224,0.6848235814988759,3712.0
GARCH,IEF,0.11379176791522781,-0.987734438246193,3712.0
GJR-GARCH,IEF,0.11408045121862717,-0.9871098582253002,3712.0
EWMA_0.94,IEF,0.1124174526641323,-0.9817049273666996,3712.0
RollingStd63,IEF,0.1177273975732748,-0.9600047709930736,3712.0
GJR-GARCH,LQD,1.498018865313713,-0.9100625439084774,3712.0
GARCH,LQD,1.5305981263653108,-0.9072860179260211,3712.0
EWMA_0.94,LQD,1.5343910820117748,-0.9027412003755125,3712.0
RollingStd63,LQD,1.8159377589008725,-0.8466249070095997,3712.0
GJR-GARCH,SPY,14.72158652136697,0.6389580323715669,3712.0
GARCH,SPY,14.901509620409456,0.6685445014119977,3712.0
EWMA_0.94,SPY,16.5584292745845,0.7356402246133447,3712.0
RollingStd63,SPY,19.489383920905123,0.8444592035222833,3712.0
